timestamp,active,P,T,Cs
1745929420961,0,0.200,10,5
1745929421970,0,0.200,10,5
1745929422970,0,0.200,10,5
1745929423972,0,0.200,10,5
1745929424967,0,0.200,10,5
1745929425962,0,0.200,10,5
1745929426976,0,0.200,10,5
1745929427975,0,0.200,10,5
1745929428973,0,0.200,10,5
1745929429973,0,0.200,10,5
1745929430969,0,0.200,10,5
1745929431962,5,0.200,10,5
1745929432972,0,0.200,10,5
1745929433967,1,0.200,10,5
1745929434973,5,0.200,10,5
1745929435968,2,0.200,10,5
1745929436965,5,0.200,10,5
1745929437976,5,0.200,10,5
1745929438970,2,0.200,10,5
1745929439963,0,0.200,10,5
1745929440974,0,0.200,10,5
1745929441971,0,0.200,10,5
1745929442966,0,0.200,10,5
1745929443976,0,0.200,10,5
1745929444972,0,0.200,10,5
1745929445968,0,0.200,10,5
1745929446966,0,0.200,10,5
1745929447962,0,0.200,10,5
1745929448974,0,0.200,10,5
1745929449970,0,0.200,10,5
1745929450967,0,0.200,10,5
1745929451964,0,0.200,10,5
1745929452977,0,0.200,10,5
1745929453972,0,0.200,10,5
1745929454969,0,0.200,10,5
1745929455964,0,0.200,10,5
1745929456977,0,0.200,10,5
1745929457971,0,0.200,10,5
1745929458968,0,0.200,10,5
1745929459977,0,0.200,10,5
1745929460975,0,0.200,10,5
1745929461973,0,0.200,10,5
1745929462973,0,0.200,10,5
1745929463973,0,0.200,10,5
1745929464967,0,0.200,10,5
1745929465963,0,0.200,10,5
1745929466974,0,0.200,10,5
1745929467966,0,0.200,10,5
1745929468967,0,0.200,10,5
1745929469963,0,0.200,10,5
1745929470974,0,0.200,10,5
1745929471968,0,0.200,10,5
1745929472964,0,0.200,10,5
1745929473969,0,0.200,10,5
1745929474966,0,0.200,10,5
1745929475976,0,0.200,10,5
1745929476971,0,0.200,10,5
1745929477968,0,0.200,10,5
1745929478977,0,0.200,10,5
1745929479971,0,0.200,10,5
1745929480966,0,0.200,10,5
1745929481973,0,0.200,10,5
1745929482967,0,0.200,10,5
1745929483973,0,0.200,10,5
1745929484967,0,0.200,10,5
1745929485972,0,0.200,10,5
1745929486971,0,0.200,10,5
1745929487964,0,0.200,10,5
1745929488973,0,0.200,10,5
1745929489964,0,0.200,10,5
1745929490964,0,0.200,10,5
1745929491974,0,0.200,10,5
1745929492969,0,0.200,10,5
1745929493967,0,0.200,10,5
1745929494962,0,0.200,10,5
1745929495974,0,0.200,10,5
1745929496972,0,0.200,10,5
1745929497965,0,0.200,10,5
1745929498974,0,0.200,10,5
1745929499972,0,0.200,10,5
1745929500967,0,0.200,10,5
1745929501963,0,0.200,10,5
1745929502963,0,0.200,10,5
1745929503973,0,0.200,10,5
1745929504971,0,0.200,10,5
1745929505969,0,0.200,10,5
1745929506965,0,0.200,10,5
1745929507975,0,0.200,10,5
1745929508972,0,0.200,10,5
1745929509970,0,0.200,10,5
1745929510965,0,0.200,10,5
1745929511962,0,0.200,10,5
1745929512973,0,0.200,10,5
1745929513972,0,0.200,10,5
1745929514969,0,0.200,10,5
1745929515963,0,0.200,10,5
1745929516973,0,0.200,10,5
1745929517969,0,0.200,10,5
1745929518964,0,0.200,10,5
1745929519977,0,0.200,10,5
1745929520971,0,0.200,10,5
1745929521971,0,0.200,10,5
1745929522970,0,0.200,10,5
1745929523964,0,0.200,10,5
1745929524975,0,0.200,10,5
1745929525971,0,0.200,10,5
1745929526967,0,0.200,10,5
1745929527976,0,0.200,10,5
1745929528969,0,0.200,10,5
1745929529966,0,0.200,10,5
1745929530973,0,0.200,10,5
1745929531963,0,0.200,10,5
1745929532973,0,0.200,10,5
1745929533964,0,0.200,10,5
1745929534973,0,0.200,10,5
1745929535966,0,0.200,10,5
1745929536969,0,0.200,10,5
1745929537976,0,0.200,10,5
1745929538972,0,0.200,10,5
1745929539976,0,0.200,10,5
1745929540965,0,0.200,10,5
1745929541975,0,0.200,10,5
1745929542973,0,0.200,10,5
1745929543963,0,0.200,10,5
1745929544963,0,0.200,10,5
1745929545966,0,0.200,10,5
1745929546977,0,0.200,10,5
1745929547974,0,0.200,10,5
1745929548970,0,0.200,10,5
1745929549968,0,0.200,10,5
1745929550966,0,0.200,10,5
1745929551967,0,0.200,10,5
1745929552968,0,0.200,10,5
1745929553969,0,0.200,10,5
1745929554969,0,0.200,10,5
1745929555969,0,0.200,10,5
1745929556969,0,0.200,10,5
1745929557968,0,0.200,10,5
1745929558968,0,0.200,10,5
1745929559972,0,0.200,10,5
1745929560973,0,0.200,10,5
1745929561970,0,0.200,10,5
1745929562973,0,0.200,10,5
1745929563977,0,0.200,10,5
1745929564967,0,0.200,10,5
1745929565973,0,0.200,10,5
1745929566977,0,0.200,10,5
1745929567976,0,0.200,10,5
1745929568973,0,0.200,10,5
1745929569971,0,0.200,10,5
1745929570967,0,0.200,10,5
1745929571978,0,0.200,10,5
1745929572973,0,0.200,10,5
1745929573968,0,0.200,10,5
1745929574974,0,0.200,10,5
1745929575975,0,0.200,10,5
1745929576976,0,0.200,10,5
1745929577967,0,0.200,10,5
1745929578979,0,0.200,10,5
1745929579970,0,0.200,10,5
1745929580978,0,0.200,10,5
1745929581978,0,0.200,10,5
1745929582970,0,0.200,10,5
1745929583963,0,0.200,10,5
1745929584968,0,0.200,10,5
1745929585974,0,0.200,10,5
1745929586969,0,0.200,10,5
1745929587970,0,0.200,10,5
1745929588974,0,0.200,10,5
1745929589977,0,0.200,10,5
1745929590975,0,0.200,10,5
1745929591966,0,0.200,10,5
1745929592974,0,0.200,10,5
1745929593968,0,0.200,10,5
1745929594977,0,0.200,10,5
1745929595971,0,0.200,10,5
1745929596964,0,0.200,10,5
1745929597976,0,0.200,10,5
1745929598973,0,0.200,10,5
1745929599973,0,0.200,10,5
1745929600973,0,0.200,10,5
1745929601968,0,0.200,10,5
1745929602964,0,0.200,10,5
1745929603979,0,0.200,10,5
1745929604974,0,0.200,10,5
1745929605978,0,0.200,10,5
1745929606976,0,0.200,10,5
1745929607975,0,0.200,10,5
1745929608974,0,0.200,10,5
1745929609971,0,0.200,10,5
1745929610974,0,0.200,10,5
1745929611971,0,0.200,10,5
1745929612969,0,0.200,10,5
1745929613970,0,0.200,10,5
1745929614972,0,0.200,10,5
1745929615973,0,0.200,10,5
1745929616969,0,0.200,10,5
1745929617966,0,0.200,10,5
1745929618966,0,0.200,10,5
1745929619978,0,0.200,10,5
1745929620975,0,0.200,10,5
1745929621971,0,0.200,10,5
1745929622968,0,0.200,10,5
1745929623964,0,0.200,10,5
1745929624965,0,0.200,10,5
1745929625978,0,0.200,10,5
1745929626975,0,0.200,10,5
1745929627969,0,0.200,10,5
1745929628978,0,0.200,10,5
1745929629970,0,0.200,10,5
1745929630976,0,0.200,10,5
1745929631974,0,0.200,10,5
1745929632969,0,0.200,10,5
1745929633975,0,0.200,10,5
1745929634971,0,0.200,10,5
1745929635977,0,0.200,10,5
1745929636973,0,0.200,10,5
1745929637967,0,0.200,10,5
1745929638975,0,0.200,10,5
1745929639968,0,0.200,10,5
1745929640973,0,0.200,10,5
1745929641979,0,0.200,10,5
1745929642966,0,0.200,10,5
1745929643971,0,0.200,10,5
1745929644980,0,0.200,10,5
1745929645973,0,0.200,10,5
1745929646966,0,0.200,10,5
1745929647973,0,0.200,10,5
1745929648969,0,0.200,10,5
1745929649973,0,0.200,10,5
1745929650965,0,0.200,10,5
1745929651973,0,0.200,10,5
1745929652979,0,0.200,10,5
1745929653973,0,0.200,10,5
1745929654972,0,0.200,10,5
1745929655976,0,0.200,10,5
1745929656971,0,0.200,10,5
1745929657967,0,0.200,10,5
1745929658979,0,0.200,10,5
1745929659978,0,0.200,10,5
1745929660977,0,0.200,10,5
1745929661973,0,0.200,10,5
1745929662971,0,0.200,10,5
1745929663971,0,0.200,10,5
1745929664976,0,0.200,10,5
1745929665967,0,0.200,10,5
1745929666966,0,0.200,10,5
1745929667967,0,0.200,10,5
1745929668965,0,0.200,10,5
1745929669977,0,0.200,10,5
1745929670978,0,0.200,10,5
1745929671976,0,0.200,10,5
1745929672972,0,0.200,10,5
1745929673978,0,0.200,10,5
1745929674965,0,0.200,10,5
1745929675974,0,0.200,10,5
1745929676970,0,0.200,10,5
1745929677975,0,0.200,10,5
1745929678972,0,0.200,10,5
1745929679969,0,0.200,10,5
1745929680967,0,0.200,10,5
1745929681965,0,0.200,10,5
1745929682978,0,0.200,10,5
1745929683968,0,0.200,10,5
1745929684978,0,0.200,10,5
1745929685975,0,0.200,10,5
1745929686972,0,0.200,10,5
1745929687966,0,0.200,10,5
1745929688974,0,0.200,10,5
1745929689967,0,0.200,10,5
1745929690977,0,0.200,10,5
1745929691967,0,0.200,10,5
1745929692975,0,0.200,10,5
1745929693976,0,0.200,10,5
1745929694966,0,0.200,10,5
1745929695972,0,0.200,10,5
1745929696980,0,0.200,10,5
1745929697969,0,0.200,10,5
1745929698974,0,0.200,10,5
1745929699967,0,0.200,10,5
1745929700973,0,0.200,10,5
1745929701979,0,0.200,10,5
1745929702973,0,0.200,10,5
1745929703969,0,0.200,10,5
1745929704978,0,0.200,10,5
1745929705979,0,0.200,10,5
1745929706981,0,0.200,10,5
1745929707973,0,0.200,10,5
1745929708966,0,0.200,10,5
1745929709971,0,0.200,10,5
1745929710976,0,0.200,10,5
1745929711968,0,0.200,10,5
1745929712975,0,0.200,10,5
1745929713971,0,0.200,10,5
1745929714977,0,0.200,10,5
1745929715971,0,0.200,10,5
1745929716976,0,0.200,10,5
1745929717972,0,0.200,10,5
1745929718980,0,0.200,10,5
1745929719971,0,0.200,10,5
1745929720971,0,0.200,10,5
1745929721979,0,0.200,10,5
1745929722973,0,0.200,10,5
1745929723975,0,0.200,10,5
1745929724967,0,0.200,10,5
1745929725969,0,0.200,10,5
1745929726975,0,0.200,10,5
1745929727972,0,0.200,10,5
1745929728977,0,0.200,10,5
1745929729968,0,0.200,10,5
1745929730978,0,0.200,10,5
1745929731980,0,0.200,10,5
1745929732975,0,0.200,10,5
1745929733966,0,0.200,10,5
1745929734971,0,0.200,10,5
1745929735966,0,0.200,10,5
1745929736970,0,0.200,10,5
1745929737978,0,0.200,10,5
1745929738970,0,0.200,10,5
1745929739972,0,0.200,10,5
1745929740966,0,0.200,10,5
1745929741968,0,0.200,10,5
1745929742971,0,0.200,10,5
1745929743976,0,0.200,10,5
1745929744967,0,0.200,10,5
1745929745976,0,0.200,10,5
1745929746970,0,0.200,10,5
1745929747980,0,0.200,10,5
1745929748974,0,0.200,10,5
1745929749969,0,0.200,10,5
1745929750971,0,0.200,10,5
1745929751980,0,0.200,10,5
1745929752971,0,0.200,10,5
1745929753979,0,0.200,10,5
1745929754973,0,0.200,10,5
1745929755968,0,0.200,10,5
1745929756979,0,0.200,10,5
1745929757972,0,0.200,10,5
1745929758972,0,0.200,10,5
1745929759973,0,0.200,10,5
1745929760970,0,0.200,10,5
1745929761980,0,0.200,10,5
1745929762977,0,0.200,10,5
1745929763978,0,0.200,10,5
1745929764977,0,0.200,10,5
1745929765971,0,0.200,10,5
1745929766968,0,0.200,10,5
1745929767966,0,0.200,10,5
1745929768977,0,0.200,10,5
1745929769971,0,0.200,10,5
1745929770971,0,0.200,10,5
1745929771968,0,0.200,10,5
1745929772974,0,0.200,10,5
1745929773966,0,0.200,10,5
1745929774975,0,0.200,10,5
1745929775966,0,0.200,10,5
1745929776977,0,0.200,10,5
1745929777972,0,0.200,10,5
1745929778966,0,0.200,10,5
1745929779971,0,0.200,10,5
1745929780967,0,0.200,10,5
1745929781974,0,0.200,10,5
1745929782968,0,0.200,10,5
1745929783977,0,0.200,10,5
1745929784971,0,0.200,10,5
1745929785966,0,0.200,10,5
1745929786979,0,0.200,10,5
1745929787970,0,0.200,10,5
1745929788967,0,0.200,10,5
1745929789973,0,0.200,10,5
1745929790977,0,0.200,10,5
1745929791973,0,0.200,10,5
1745929792982,0,0.200,10,5
1745929793966,0,0.200,10,5
1745929794976,0,0.200,10,5
1745929795972,0,0.200,10,5
1745929796981,0,0.200,10,5
1745929797977,0,0.200,10,5
1745929798975,0,0.200,10,5
1745929799975,0,0.200,10,5
1745929800976,0,0.200,10,5
1745929801976,0,0.200,10,5
1745929802974,0,0.200,10,5
1745929803975,0,0.200,10,5
1745929804974,0,0.200,10,5
1745929805973,0,0.200,10,5
1745929806976,0,0.200,10,5
1745929807979,0,0.200,10,5
1745929808979,0,0.200,10,5
1745929809976,0,0.200,10,5
1745929810980,0,0.200,10,5
1745929811983,0,0.200,10,5
1745929812969,0,0.200,10,5
1745929813972,0,0.200,10,5
1745929814973,0,0.200,10,5
1745929815976,0,0.200,10,5
1745929816970,0,0.200,10,5
1745929817980,0,0.200,10,5
1745929818976,0,0.200,10,5
1745929819981,0,0.200,10,5
1745929820977,0,0.200,10,5
1745929821979,0,0.200,10,5
1745929822977,0,0.200,10,5
1745929823973,0,0.200,10,5
1745929824972,0,0.200,10,5
1745929825975,0,0.200,10,5
1745929826976,0,0.200,10,5
1745929827973,0,0.200,10,5
1745929828971,0,0.200,10,5
1745929829967,0,0.200,10,5
1745929830981,0,0.200,10,5
1745929831977,0,0.200,10,5
1745929832982,0,0.200,10,5
1745929833976,0,0.200,10,5
1745929834969,0,0.200,10,5
1745929835976,0,0.200,10,5
1745929836971,0,0.200,10,5
1745929837969,0,0.200,10,5
1745929838980,0,0.200,10,5
1745929839972,0,0.200,10,5
1745929840980,0,0.200,10,5
1745929841974,0,0.200,10,5
1745929842979,0,0.200,10,5
1745929843971,0,0.200,10,5
1745929844973,0,0.200,10,5
1745929845969,0,0.200,10,5
1745929846978,0,0.200,10,5
1745929847975,0,0.200,10,5
1745929848970,0,0.200,10,5
1745929849979,0,0.200,10,5
1745929850971,0,0.200,10,5
1745929851967,0,0.200,10,5
1745929852981,0,0.200,10,5
1745929853979,0,0.200,10,5
1745929854979,0,0.200,10,5
1745929855976,0,0.200,10,5
1745929856976,0,0.200,10,5
1745929857976,0,0.200,10,5
1745929858979,0,0.200,10,5
1745929859979,0,0.200,10,5
1745929860981,0,0.200,10,5
1745929861970,0,0.200,10,5
1745929862971,0,0.200,10,5
1745929863973,0,0.200,10,5
1745929864974,0,0.200,10,5
1745929865980,0,0.200,10,5
1745929866982,0,0.200,10,5
1745929867977,0,0.200,10,5
1745929868974,0,0.200,10,5
1745929869967,0,0.200,10,5
1745929870972,0,0.200,10,5
1745929871976,0,0.200,10,5
1745929872976,0,0.200,10,5
1745929873975,0,0.200,10,5
1745929874978,0,0.200,10,5
1745929875976,0,0.200,10,5
1745929876984,0,0.200,10,5
1745929877968,0,0.200,10,5
1745929878967,0,0.200,10,5
1745929879968,0,0.200,10,5
1745929880982,0,0.200,10,5
1745929881979,0,0.200,10,5
1745929882972,0,0.200,10,5
1745929883967,0,0.200,10,5
1745929884979,0,0.200,10,5
1745929885976,0,0.200,10,5
1745929886982,0,0.200,10,5
1745929887979,0,0.200,10,5
1745929888972,0,0.200,10,5
1745929889968,0,0.200,10,5
1745929890975,0,0.200,10,5
1745929891971,0,0.200,10,5
1745929892974,0,0.200,10,5
1745929893982,0,0.200,10,5
1745929894972,0,0.200,10,5
1745929895970,0,0.200,10,5
1745929896974,0,0.200,10,5
1745929897969,0,0.200,10,5
1745929898980,0,0.200,10,5
1745929899976,0,0.200,10,5
1745929900972,0,0.200,10,5
1745929901981,0,0.200,10,5
1745929902968,0,0.200,10,5
1745929903976,0,0.200,10,5
1745929904969,0,0.200,10,5
1745929905968,0,0.200,10,5
1745929906982,0,0.200,10,5
1745929907980,0,0.200,10,5
1745929908977,0,0.200,10,5
1745929909974,0,0.200,10,5
1745929910975,0,0.200,10,5
1745929911977,0,0.200,10,5
1745929912979,0,0.200,10,5
1745929913982,0,0.200,10,5
1745929914978,0,0.200,10,5
1745929915981,0,0.200,10,5
1745929916981,0,0.200,10,5
1745929917980,0,0.200,10,5
1745929918969,0,0.200,10,5
1745929919971,0,0.200,10,5
1745929920969,0,0.200,10,5
1745929921974,0,0.200,10,5
1745929922972,0,0.200,10,5
1745929923978,0,0.200,10,5
1745929924980,0,0.200,10,5
1745929925980,0,0.200,10,5
1745929926969,0,0.200,10,5
1745929927971,0,0.200,10,5
1745929928983,0,0.200,10,5
1745929929980,0,0.200,10,5
1745929930974,0,0.200,10,5
1745929931970,0,0.200,10,5
1745929932982,0,0.200,10,5
1745929933978,0,0.200,10,5
1745929934970,0,0.200,10,5
1745929935981,0,0.200,10,5
1745929936976,0,0.200,10,5
1745929937975,0,0.200,10,5
1745929938968,0,0.200,10,5
1745929939974,0,0.200,10,5
1745929940969,0,0.200,10,5
1745929941971,0,0.200,10,5
1745929942979,0,0.200,10,5
1745929943970,0,0.200,10,5
1745929944979,0,0.200,10,5
1745929945974,0,0.200,10,5
1745929946968,0,0.200,10,5
1745929947975,0,0.200,10,5
1745929948970,0,0.200,10,5
1745929949978,0,0.200,10,5
1745929950971,0,0.200,10,5
1745929951976,0,0.200,10,5
1745929952971,0,0.200,10,5
1745929953969,0,0.200,10,5
1745929954981,0,0.200,10,5
1745929955975,0,0.200,10,5
1745929956970,0,0.200,10,5
1745929957980,0,0.200,10,5
1745929958974,0,0.200,10,5
1745929959971,0,0.200,10,5
1745929960983,0,0.200,10,5
1745929961979,0,0.200,10,5
1745929962975,0,0.200,10,5
1745929963977,0,0.200,10,5
1745929964972,0,0.200,10,5
1745929965970,0,0.200,10,5
1745929966981,0,0.200,10,5
1745929967975,0,0.200,10,5
1745929968971,0,0.200,10,5
1745929969984,0,0.200,10,5
1745929970981,0,0.200,10,5
1745929971975,0,0.200,10,5
1745929972968,0,0.200,10,5
1745929973977,0,0.200,10,5
1745929974971,0,0.200,10,5
1745929975982,0,0.200,10,5
1745929976982,0,0.200,10,5
1745929977982,0,0.200,10,5
1745929978975,0,0.200,10,5
1745929979972,0,0.200,10,5
1745929980982,0,0.200,10,5
1745929981975,0,0.200,10,5
1745929982970,0,0.200,10,5
1745929983982,0,0.200,10,5
1745929984980,0,0.200,10,5
1745929985971,0,0.200,10,5
1745929986984,0,0.200,10,5
1745929987977,0,0.200,10,5
1745929988973,0,0.200,10,5
1745929989983,0,0.200,10,5
1745929990973,0,0.200,10,5
1745929991980,0,0.200,10,5
1745929992972,0,0.200,10,5
1745929993983,0,0.200,10,5
1745929994971,0,0.200,10,5
1745929995978,0,0.200,10,5
1745929996973,0,0.200,10,5
1745929997978,0,0.200,10,5
1745929998972,0,0.200,10,5
1745929999982,0,0.200,10,5
1745930000977,0,0.200,10,5
1745930001973,0,0.200,10,5
1745930002969,0,0.200,10,5
1745930003979,0,0.200,10,5
1745930004975,0,0.200,10,5
1745930005972,0,0.200,10,5
1745930006983,0,0.200,10,5
1745930007970,0,0.200,10,5
1745930008981,0,0.200,10,5
1745930009977,0,0.200,10,5
1745930010973,0,0.200,10,5
1745930011982,0,0.200,10,5
1745930012978,0,0.200,10,5
1745930013975,0,0.200,10,5
1745930014972,0,0.200,10,5
1745930015983,0,0.200,10,5
1745930016981,0,0.200,10,5
1745930017976,0,0.200,10,5
1745930018974,0,0.200,10,5
1745930019969,0,0.200,10,5
1745930020981,0,0.200,10,5
1745930021979,0,0.200,10,5
1745930022977,0,0.200,10,5
1745930023970,0,0.200,10,5
1745930024979,0,0.200,10,5
1745930025976,0,0.200,10,5
1745930026969,0,0.200,10,5
1745930027980,0,0.200,10,5
1745930028978,0,0.200,10,5
1745930029972,0,0.200,10,5
1745930030969,0,0.200,10,5
1745930031979,0,0.200,10,5
1745930032971,0,0.200,10,5
1745930033977,0,0.200,10,5
1745930034973,0,0.200,10,5
1745930035969,0,0.200,10,5
1745930036979,0,0.200,10,5
1745930037975,0,0.200,10,5
1745930038971,0,0.200,10,5
1745930039980,0,0.200,10,5
1745930040972,0,0.200,10,5
1745930041979,0,0.200,10,5
1745930042981,0,0.200,10,5
1745930043969,0,0.200,10,5
1745930044972,0,0.200,10,5
1745930045977,0,0.200,10,5
1745930046969,0,0.200,10,5
1745930047977,0,0.200,10,5
1745930048969,0,0.200,10,5
1745930049974,0,0.200,10,5
1745930050983,0,0.200,10,5
1745930051978,0,0.200,10,5
1745930052972,0,0.200,10,5
1745930053973,0,0.200,10,5
1745930054973,0,0.200,10,5
1745930055970,0,0.200,10,5
1745930056970,0,0.200,10,5
1745930057984,0,0.200,10,5
1745930058984,0,0.200,10,5
1745930059982,0,0.200,10,5
1745930060983,0,0.200,10,5
1745930061983,0,0.200,10,5
1745930062985,0,0.200,10,5
1745930063972,0,0.200,10,5
1745930064970,0,0.200,10,5
1745930065983,0,0.200,10,5
1745930066984,0,0.200,10,5
1745930067985,0,0.200,10,5
1745930068972,0,0.200,10,5
1745930069972,0,0.200,10,5
1745930070974,0,0.200,10,5
1745930071973,0,0.200,10,5
1745930072970,0,0.200,10,5
1745930073982,0,0.200,10,5
1745930074984,0,0.200,10,5
1745930075981,0,0.200,10,5
1745930076978,0,0.200,10,5
1745930077976,0,0.200,10,5
1745930078974,0,0.200,10,5
1745930079972,0,0.200,10,5
1745930080974,0,0.200,10,5
1745930081970,0,0.200,10,5
1745930082983,0,0.200,10,5
1745930083979,0,0.200,10,5
1745930084972,0,0.200,10,5
1745930085983,0,0.200,10,5
1745930086976,0,0.200,10,5
1745930087972,0,0.200,10,5
1745930088982,0,0.200,10,5
1745930089979,0,0.200,10,5
1745930090982,0,0.200,10,5
1745930091978,0,0.200,10,5
1745930092971,0,0.200,10,5
1745930093979,0,0.200,10,5
1745930094973,0,0.200,10,5
1745930095983,0,0.200,10,5
1745930096975,0,0.200,10,5
1745930097979,0,0.200,10,5
1745930098975,0,0.200,10,5
1745930099982,0,0.200,10,5
1745930100975,0,0.200,10,5
1745930101983,0,0.200,10,5
1745930102978,0,0.200,10,5
1745930103975,0,0.200,10,5
1745930104970,0,0.200,10,5
1745930105981,0,0.200,10,5
1745930106975,0,0.200,10,5
1745930107974,0,0.200,10,5
1745930108972,0,0.200,10,5
1745930109969,0,0.200,10,5
1745930110970,0,0.200,10,5
1745930111982,0,0.200,10,5
1745930112982,0,0.200,10,5
1745930113981,0,0.200,10,5
1745930114979,0,0.200,10,5
1745930115979,0,0.200,10,5
1745930116978,0,0.200,10,5
1745930117974,0,0.200,10,5
1745930118978,0,0.200,10,5
1745930119983,0,0.200,10,5
1745930120984,0,0.200,10,5
1745930121970,0,0.200,10,5
1745930122984,0,0.200,10,5
1745930123970,0,0.200,10,5
1745930124986,0,0.200,10,5
1745930125974,0,0.200,10,5
1745930126978,0,0.200,10,5
1745930127974,0,0.200,10,5
1745930128974,0,0.200,10,5
1745930129982,0,0.200,10,5
1745930130978,0,0.200,10,5
1745930131985,0,0.200,10,5
1745930132981,0,0.200,10,5
1745930133980,0,0.200,10,5
1745930134973,0,0.200,10,5
1745930135984,0,0.200,10,5
1745930136977,0,0.200,10,5
1745930137975,0,0.200,10,5
1745930138984,0,0.200,10,5
1745930139983,0,0.200,10,5
1745930140978,0,0.200,10,5
1745930141970,0,0.200,10,5
1745930142974,0,0.200,10,5
1745930143984,0,0.200,10,5
1745930144975,0,0.200,10,5
1745930145982,0,0.200,10,5
1745930146973,0,0.200,10,5
1745930147981,0,0.200,10,5
1745930148984,0,0.200,10,5
1745930149974,0,0.200,10,5
1745930150980,0,0.200,10,5
1745930151978,0,0.200,10,5
1745930152974,0,0.200,10,5
1745930153980,0,0.200,10,5
1745930154978,0,0.200,10,5
1745930155972,0,0.200,10,5
1745930156982,0,0.200,10,5
1745930157974,0,0.200,10,5
1745930158983,0,0.200,10,5
1745930159976,0,0.200,10,5
1745930160977,0,0.200,10,5
1745930161981,0,0.200,10,5
1745930162973,0,0.200,10,5
1745930163985,0,0.200,10,5
1745930164985,0,0.200,10,5
1745930165981,0,0.200,10,5
1745930166977,0,0.200,10,5
1745930167971,0,0.200,10,5
1745930168976,0,0.200,10,5
1745930169976,0,0.200,10,5
1745930170974,0,0.200,10,5
1745930171970,0,0.200,10,5
1745930172979,0,0.200,10,5
1745930173976,0,0.200,10,5
1745930174973,0,0.200,10,5
1745930175985,0,0.200,10,5
1745930176983,0,0.200,10,5
1745930177981,0,0.200,10,5
1745930178975,0,0.200,10,5
1745930179985,0,0.200,10,5
1745930180978,0,0.200,10,5
1745930181976,0,0.200,10,5
1745930182974,0,0.200,10,5
1745930183984,0,0.200,10,5
1745930184981,0,0.200,10,5
1745930185978,0,0.200,10,5
1745930186974,0,0.200,10,5
1745930187979,0,0.200,10,5
1745930188979,0,0.200,10,5
1745930189974,0,0.200,10,5
1745930190971,0,0.200,10,5
1745930191979,0,0.200,10,5
1745930192973,0,0.200,10,5
1745930193982,0,0.200,10,5
1745930194976,0,0.200,10,5
1745930195984,0,0.200,10,5
1745930196977,0,0.200,10,5
1745930197983,0,0.200,10,5
1745930198976,0,0.200,10,5
1745930199984,0,0.200,10,5
1745930200980,0,0.200,10,5
1745930201973,0,0.200,10,5
1745930202978,0,0.200,10,5
1745930203981,0,0.200,10,5
1745930204973,0,0.200,10,5
1745930205981,0,0.200,10,5
1745930206984,0,0.200,10,5
1745930207975,0,0.200,10,5
1745930208984,0,0.200,10,5
1745930209978,0,0.200,10,5
1745930210982,0,0.200,10,5
1745930211973,0,0.200,10,5
1745930212981,0,0.200,10,5
1745930213981,0,0.200,10,5
1745930214972,0,0.200,10,5
1745930215975,0,0.200,10,5
1745930216971,0,0.200,10,5
1745930217979,0,0.200,10,5
1745930218972,0,0.200,10,5
1745930219981,0,0.200,10,5
1745930220973,0,0.200,10,5
1745930221977,0,0.200,10,5
1745930222971,0,0.200,10,5
1745930223977,0,0.200,10,5
1745930224986,0,0.200,10,5
1745930225978,0,0.200,10,5
1745930226971,0,0.200,10,5
1745930227982,0,0.200,10,5
1745930228976,0,0.200,10,5
1745930229980,0,0.200,10,5
1745930230985,0,0.200,10,5
1745930231977,0,0.200,10,5
1745930232982,0,0.200,10,5
1745930233975,0,0.200,10,5
1745930234985,0,0.200,10,5
1745930235977,0,0.200,10,5
1745930236972,0,0.200,10,5
1745930237980,0,0.200,10,5
1745930238982,0,0.200,10,5
1745930239977,0,0.200,10,5
1745930240985,0,0.200,10,5
1745930241980,0,0.200,10,5
1745930242974,0,0.200,10,5
1745930243979,0,0.200,10,5
1745930244972,0,0.200,10,5
1745930245981,0,0.200,10,5
1745930246978,0,0.200,10,5
1745930247981,0,0.200,10,5
1745930248986,0,0.200,10,5
1745930249981,0,0.200,10,5
1745930250978,0,0.200,10,5
1745930251974,0,0.200,10,5
1745930252984,0,0.200,10,5
1745930253979,0,0.200,10,5
1745930254979,0,0.200,10,5
1745930255974,0,0.200,10,5
1745930256977,0,0.200,10,5
1745930257975,0,0.200,10,5
1745930258984,0,0.200,10,5
1745930259982,0,0.200,10,5
1745930260979,0,0.200,10,5
1745930261981,0,0.200,10,5
1745930262985,0,0.200,10,5
1745930263975,0,0.200,10,5
1745930264983,0,0.200,10,5
1745930265983,0,0.200,10,5
1745930266981,0,0.200,10,5
1745930267983,0,0.200,10,5
1745930268979,0,0.200,10,5
1745930269974,0,0.200,10,5
1745930270975,0,0.200,10,5
1745930271985,0,0.200,10,5
1745930272971,0,0.200,10,5
1745930273974,0,0.200,10,5
1745930274978,0,0.200,10,5
1745930275973,0,0.200,10,5
1745930276981,0,0.200,10,5
1745930277985,0,0.200,10,5
1745930278982,0,0.200,10,5
1745930279980,0,0.200,10,5
1745930280986,0,0.200,10,5
1745930281981,0,0.200,10,5
1745930282974,0,0.200,10,5
1745930283985,0,0.200,10,5
1745930284982,0,0.200,10,5
1745930285973,0,0.200,10,5
1745930286975,0,0.200,10,5
1745930287983,0,0.200,10,5
1745930288978,0,0.200,10,5
1745930289984,0,0.200,10,5
1745930290976,0,0.200,10,5
1745930291983,0,0.200,10,5
1745930292978,0,0.200,10,5
1745930293982,0,0.200,10,5
1745930294976,0,0.200,10,5
1745930295982,0,0.200,10,5
1745930296974,0,0.200,10,5
1745930297983,0,0.200,10,5
1745930298981,0,0.200,10,5
1745930299975,0,0.200,10,5
1745930300985,0,0.200,10,5
1745930301977,0,0.200,10,5
1745930302973,0,0.200,10,5
1745930303986,0,0.200,10,5
1745930304981,0,0.200,10,5
1745930305974,0,0.200,10,5
1745930306976,0,0.200,10,5
1745930307978,0,0.200,10,5
1745930308978,0,0.200,10,5
1745930309981,0,0.200,10,5
1745930310980,0,0.200,10,5
1745930311981,0,0.200,10,5
1745930312981,0,0.200,10,5
1745930313974,0,0.200,10,5
1745930314975,0,0.200,10,5
1745930315975,0,0.200,10,5
1745930316985,0,0.200,10,5
1745930317985,0,0.200,10,5
1745930318973,0,0.200,10,5
1745930319981,0,0.200,10,5
1745930320975,0,0.200,10,5
1745930321981,0,0.200,10,5
1745930322986,0,0.200,10,5
1745930323983,0,0.200,10,5
1745930324980,0,0.200,10,5
1745930325980,0,0.200,10,5
1745930326980,0,0.200,10,5
1745930327985,0,0.200,10,5
1745930328976,0,0.200,10,5
1745930329976,0,0.200,10,5
1745930330976,0,0.200,10,5
1745930331976,0,0.200,10,5
1745930332985,0,0.200,10,5
1745930333986,0,0.200,10,5
1745930334988,0,0.200,10,5
1745930335973,0,0.200,10,5
1745930336982,0,0.200,10,5
1745930337980,0,0.200,10,5
1745930338981,0,0.200,10,5
1745930339983,0,0.200,10,5
1745930340974,0,0.200,10,5
1745930341980,0,0.200,10,5
1745930342976,0,0.200,10,5
1745930343983,0,0.200,10,5
1745930344980,0,0.200,10,5
1745930345977,0,0.200,10,5
1745930346973,0,0.200,10,5
1745930347974,0,0.200,10,5
1745930348988,0,0.200,10,5
1745930349987,0,0.200,10,5
1745930350985,0,0.200,10,5
1745930351982,0,0.200,10,5
1745930352982,0,0.200,10,5
1745930353980,0,0.200,10,5
1745930354979,0,0.200,10,5
1745930355974,0,0.200,10,5
1745930356987,0,0.200,10,5
1745930357986,0,0.200,10,5
1745930358986,0,0.200,10,5
1745930359985,0,0.200,10,5
1745930360982,0,0.200,10,5
1745930361985,0,0.200,10,5
1745930362975,0,0.200,10,5
1745930363977,0,0.200,10,5
1745930364979,0,0.200,10,5
1745930365982,0,0.200,10,5
1745930366986,0,0.200,10,5
1745930367974,0,0.200,10,5
1745930368978,0,0.200,10,5
1745930369982,0,0.200,10,5
1745930370974,0,0.200,10,5
1745930371983,0,0.200,10,5
1745930372973,0,0.200,10,5
1745930373987,0,0.200,10,5
1745930374988,0,0.200,10,5
1745930375986,0,0.200,10,5
1745930376984,0,0.200,10,5
1745930377974,0,0.200,10,5
1745930378987,0,0.200,10,5
1745930379976,0,0.200,10,5
1745930380974,0,0.200,10,5
1745930381978,0,0.200,10,5
1745930382981,0,0.200,10,5
1745930383979,0,0.200,10,5
1745930384984,0,0.200,10,5
1745930385985,0,0.200,10,5
1745930386981,0,0.200,10,5
1745930387980,0,0.200,10,5
1745930388979,0,0.200,10,5
1745930389979,0,0.200,10,5
1745930390975,0,0.200,10,5
1745930391981,0,0.200,10,5
1745930392980,0,0.200,10,5
1745930393976,0,0.200,10,5
1745930394974,0,0.200,10,5
1745930395984,0,0.200,10,5
1745930396976,0,0.200,10,5
1745930397987,0,0.200,10,5
1745930398983,0,0.200,10,5
1745930399983,0,0.200,10,5
1745930400979,0,0.200,10,5
1745930401982,0,0.200,10,5
1745930402979,0,0.200,10,5
1745930403978,0,0.200,10,5
1745930404976,0,0.200,10,5
1745930405974,0,0.200,10,5
1745930406987,0,0.200,10,5
1745930407988,0,0.200,10,5
1745930408986,0,0.200,10,5
1745930409985,0,0.200,10,5
1745930410984,0,0.200,10,5
1745930411984,0,0.200,10,5
1745930412982,0,0.200,10,5
1745930413988,0,0.200,10,5
1745930414986,0,0.200,10,5
1745930415986,0,0.200,10,5
1745930416984,0,0.200,10,5
1745930417985,0,0.200,10,5
1745930418985,0,0.200,10,5
1745930419989,0,0.200,10,5
1745930420973,0,0.200,10,5
1745930421979,0,0.200,10,5
1745930422981,0,0.200,10,5
1745930423986,0,0.200,10,5
1745930424989,0,0.200,10,5
1745930425984,0,0.200,10,5
1745930426985,0,0.200,10,5
1745930427986,0,0.200,10,5
1745930428974,0,0.200,10,5
1745930429986,0,0.200,10,5
1745930430975,0,0.200,10,5
1745930431987,0,0.200,10,5
1745930432982,0,0.200,10,5
1745930433989,0,0.200,10,5
1745930434987,0,0.200,10,5
1745930435984,0,0.200,10,5
1745930436989,0,0.200,10,5
1745930437974,0,0.200,10,5
1745930438986,0,0.200,10,5
1745930439982,0,0.200,10,5
1745930440974,0,0.200,10,5
1745930441984,0,0.200,10,5
1745930442986,0,0.200,10,5
1745930443982,0,0.200,10,5
1745930444983,0,0.200,10,5
1745930445980,0,0.200,10,5
1745930446979,0,0.200,10,5
1745930447974,0,0.200,10,5
1745930448983,0,0.200,10,5
1745930449977,0,0.200,10,5
1745930450989,0,0.200,10,5
1745930451980,0,0.200,10,5
1745930452979,0,0.200,10,5
1745930453986,0,0.200,10,5
1745930454984,0,0.200,10,5
1745930455978,0,0.200,10,5
1745930456976,0,0.200,10,5
1745930457988,0,0.200,10,5
1745930458986,0,0.200,10,5
1745930459984,0,0.200,10,5
1745930460983,0,0.200,10,5
1745930461980,0,0.200,10,5
1745930462977,0,0.200,10,5
1745930463975,0,0.200,10,5
1745930464973,0,0.200,10,5
1745930465982,0,0.200,10,5
1745930466979,0,0.200,10,5
1745930467977,0,0.200,10,5
1745930468976,0,0.200,10,5
1745930469977,0,0.200,10,5
1745930470974,0,0.200,10,5
1745930471987,0,0.200,10,5
1745930472986,0,0.200,10,5
1745930473981,0,0.200,10,5
1745930474980,0,0.200,10,5
1745930475978,0,0.200,10,5
1745930476975,0,0.200,10,5
1745930477975,0,0.200,10,5
1745930478986,0,0.200,10,5
1745930479986,0,0.200,10,5
1745930480985,0,0.200,10,5
1745930481981,0,0.200,10,5
1745930482975,0,0.200,10,5
1745930483986,0,0.200,10,5
1745930484985,0,0.200,10,5
1745930485980,0,0.200,10,5
1745930486976,0,0.200,10,5
1745930487974,0,0.200,10,5
1745930488989,0,0.200,10,5
1745930489983,0,0.200,10,5
1745930490977,0,0.200,10,5
1745930491987,0,0.200,10,5
1745930492981,0,0.200,10,5
1745930493976,0,0.200,10,5
1745930494987,0,0.200,10,5
1745930495979,0,0.200,10,5
1745930496987,0,0.200,10,5
1745930497976,0,0.200,10,5
1745930498987,0,0.200,10,5
1745930499985,0,0.200,10,5
1745930500980,0,0.200,10,5
1745930501977,0,0.200,10,5
1745930502988,0,0.200,10,5
1745930503982,0,0.200,10,5
1745930504981,0,0.200,10,5
1745930505976,0,0.200,10,5
1745930506975,0,0.200,10,5
1745930507990,0,0.200,10,5
1745930508982,0,0.200,10,5
1745930509983,0,0.200,10,5
1745930510976,0,0.200,10,5
1745930511988,0,0.200,10,5
1745930512983,0,0.200,10,5
1745930513981,0,0.200,10,5
1745930514980,0,0.200,10,5
1745930515976,0,0.200,10,5
1745930516988,0,0.200,10,5
1745930517982,0,0.200,10,5
1745930518978,0,0.200,10,5
1745930519988,0,0.200,10,5
1745930520987,0,0.200,10,5
1745930521983,0,0.200,10,5
1745930522980,0,0.200,10,5
1745930523976,0,0.200,10,5
1745930524975,0,0.200,10,5
1745930525984,0,0.200,10,5
1745930526981,0,0.200,10,5
1745930527980,0,0.200,10,5
1745930528976,0,0.200,10,5
1745930529988,0,0.200,10,5
1745930530986,0,0.200,10,5
1745930531985,0,0.200,10,5
1745930532981,0,0.200,10,5
1745930533978,0,0.200,10,5
1745930534990,0,0.200,10,5
1745930535990,0,0.200,10,5
1745930536983,0,0.200,10,5
1745930537976,0,0.200,10,5
1745930538975,0,0.200,10,5
1745930539987,0,0.200,10,5
1745930540983,0,0.200,10,5
1745930541980,0,0.200,10,5
1745930542990,0,0.200,10,5
1745930543980,0,0.200,10,5
1745930544976,0,0.200,10,5
1745930545975,0,0.200,10,5
1745930546984,0,0.200,10,5
1745930547987,0,0.200,10,5
1745930548982,0,0.200,10,5
1745930549980,0,0.200,10,5
1745930550976,0,0.200,10,5
1745930551975,0,0.200,10,5
1745930552986,0,0.200,10,5
1745930553980,0,0.200,10,5
1745930554976,0,0.200,10,5
1745930555987,0,0.200,10,5
1745930556986,0,0.200,10,5
1745930557985,0,0.200,10,5
1745930558986,0,0.200,10,5
1745930559984,0,0.200,10,5
1745930560979,0,0.200,10,5
1745930561981,0,0.200,10,5
1745930562980,0,0.200,10,5
1745930563980,0,0.200,10,5
1745930564983,0,0.200,10,5
1745930565980,0,0.200,10,5
1745930566981,0,0.200,10,5
1745930567981,0,0.200,10,5
1745930568980,0,0.200,10,5
1745930569980,0,0.200,10,5
1745930570980,0,0.200,10,5
1745930571977,0,0.200,10,5
1745930572990,0,0.200,10,5
1745930573990,0,0.200,10,5
1745930574987,0,0.200,10,5
1745930575990,0,0.200,10,5
1745930576975,0,0.200,10,5
1745930577988,0,0.200,10,5
1745930578975,0,0.200,10,5
1745930579988,0,0.200,10,5
1745930580988,0,0.200,10,5
1745930581984,0,0.200,10,5
1745930582987,0,0.200,10,5
1745930583975,0,0.200,10,5
1745930584986,0,0.200,10,5
1745930585983,0,0.200,10,5
1745930586980,0,0.200,10,5
1745930587978,0,0.200,10,5
1745930588989,0,0.200,10,5
1745930589978,0,0.200,10,5
1745930590976,0,0.200,10,5
1745930591975,0,0.200,10,5
1745930592984,0,0.200,10,5
1745930593984,0,0.200,10,5
1745930594980,0,0.200,10,5
1745930595976,0,0.200,10,5
1745930596989,0,0.200,10,5
1745930597984,0,0.200,10,5
1745930598981,0,0.200,10,5
1745930599975,0,0.200,10,5
1745930600987,0,0.200,10,5
1745930601981,0,0.200,10,5
1745930602979,0,0.200,10,5
1745930603980,0,0.200,10,5
1745930604976,0,0.200,10,5
1745930605990,0,0.200,10,5
1745930606985,0,0.200,10,5
1745930607980,0,0.200,10,5
1745930608981,0,0.200,10,5
1745930609981,0,0.200,10,5
1745930610977,0,0.200,10,5
1745930611990,0,0.200,10,5
1745930612986,0,0.200,10,5
1745930613987,0,0.200,10,5
1745930614986,0,0.200,10,5
1745930615988,0,0.200,10,5
1745930616984,0,0.200,10,5
1745930617987,0,0.200,10,5
1745930618986,0,0.200,10,5
1745930619983,0,0.200,10,5
1745930620981,0,0.200,10,5
1745930621981,0,0.200,10,5
1745930622990,0,0.200,10,5
1745930623985,0,0.200,10,5
1745930624988,0,0.200,10,5
1745930625985,0,0.200,10,5
1745930626982,0,0.200,10,5
1745930627979,0,0.200,10,5
1745930628984,0,0.200,10,5
1745930629985,0,0.200,10,5
1745930630984,0,0.200,10,5
1745930631988,0,0.200,10,5
1745930632981,0,0.200,10,5
1745930633978,0,0.200,10,5
1745930634990,0,0.200,10,5
1745930635975,0,0.200,10,5
1745930636990,0,0.200,10,5
1745930637989,0,0.200,10,5
1745930638987,0,0.200,10,5
1745930639982,0,0.200,10,5
1745930640981,0,0.200,10,5
1745930641990,0,0.200,10,5
1745930642982,0,0.200,10,5
1745930643984,0,0.200,10,5
1745930644977,0,0.200,10,5
1745930645987,0,0.200,10,5
1745930646978,0,0.200,10,5
1745930647976,0,0.200,10,5
1745930648986,0,0.200,10,5
1745930649978,0,0.200,10,5
1745930650986,0,0.200,10,5
1745930651985,0,0.200,10,5
1745930652989,0,0.200,10,5
1745930653981,0,0.200,10,5
1745930654988,0,0.200,10,5
1745930655983,0,0.200,10,5
1745930656990,0,0.200,10,5
1745930657988,0,0.200,10,5
1745930658978,0,0.200,10,5
1745930659977,0,0.200,10,5
1745930660988,0,0.200,10,5
1745930661984,0,0.200,10,5
1745930662980,0,0.200,10,5
1745930663991,0,0.200,10,5
1745930664986,0,0.200,10,5
1745930665985,0,0.200,10,5
1745930666982,0,0.200,10,5
1745930667982,0,0.200,10,5
1745930668982,0,0.200,10,5
1745930669983,0,0.200,10,5
1745930670980,0,0.200,10,5
1745930671991,0,0.200,10,5
1745930672986,0,0.200,10,5
1745930673986,0,0.200,10,5
1745930674985,0,0.200,10,5
1745930675983,0,0.200,10,5
1745930676980,0,0.200,10,5
1745930677985,0,0.200,10,5
1745930678982,0,0.200,10,5
1745930679985,0,0.200,10,5
1745930680977,0,0.200,10,5
1745930681976,0,0.200,10,5
1745930682978,0,0.200,10,5
1745930683980,0,0.200,10,5
1745930684981,0,0.200,10,5
1745930685991,0,0.200,10,5
1745930686988,0,0.200,10,5
1745930687986,0,0.200,10,5
1745930688988,0,0.200,10,5
1745930689981,0,0.200,10,5
1745930690982,0,0.200,10,5
1745930691988,0,0.200,10,5
1745930692983,0,0.200,10,5
1745930693977,0,0.200,10,5
1745930694983,0,0.200,10,5
1745930695977,0,0.200,10,5
1745930696981,0,0.200,10,5
1745930697987,0,0.200,10,5
1745930698978,0,0.200,10,5
1745930699988,0,0.200,10,5
1745930700981,0,0.200,10,5
1745930701988,0,0.200,10,5
1745930702979,0,0.200,10,5
1745930703989,0,0.200,10,5
1745930704979,0,0.200,10,5
1745930705985,0,0.200,10,5
1745930706990,0,0.200,10,5
1745930707984,0,0.200,10,5
1745930708991,0,0.200,10,5
1745930709983,0,0.200,10,5
1745930710991,0,0.200,10,5
1745930711983,0,0.200,10,5
1745930712988,0,0.200,10,5
1745930713990,0,0.200,10,5
1745930714982,0,0.200,10,5
1745930715977,0,0.200,10,5
1745930716985,0,0.200,10,5
1745930717981,0,0.200,10,5
1745930718977,0,0.200,10,5
1745930719988,0,0.200,10,5
1745930720982,0,0.200,10,5
1745930721989,0,0.200,10,5
1745930722979,0,0.200,10,5
1745930723986,0,0.200,10,5
1745930724979,0,0.200,10,5
1745930725986,0,0.200,10,5
1745930726978,0,0.200,10,5
1745930727991,0,0.200,10,5
1745930728983,0,0.200,10,5
1745930729990,0,0.200,10,5
1745930730983,0,0.200,10,5
1745930731989,0,0.200,10,5
1745930732990,0,0.200,10,5
1745930733980,0,0.200,10,5
1745930734987,0,0.200,10,5
1745930735984,0,0.200,10,5
1745930736976,0,0.200,10,5
1745930737984,0,0.200,10,5
1745930738981,0,0.200,10,5
1745930739990,0,0.200,10,5
1745930740981,0,0.200,10,5
1745930741988,0,0.200,10,5
1745930742981,0,0.200,10,5
1745930743990,0,0.200,10,5
1745930744981,0,0.200,10,5
1745930745991,0,0.200,10,5
1745930746986,0,0.200,10,5
1745930747990,0,0.200,10,5
1745930748984,0,0.200,10,5
1745930749979,0,0.200,10,5
1745930750988,0,0.200,10,5
1745930751983,0,0.200,10,5
1745930752989,0,0.200,10,5
1745930753982,0,0.200,10,5
1745930754991,0,0.200,10,5
1745930755984,0,0.200,10,5
1745930756978,0,0.200,10,5
1745930757992,0,0.200,10,5
1745930758987,0,0.200,10,5
1745930759992,0,0.200,10,5
1745930760984,0,0.200,10,5
1745930761981,0,0.200,10,5
1745930762977,0,0.200,10,5
1745930763988,0,0.200,10,5
1745930764985,0,0.200,10,5
1745930765991,0,0.200,10,5
1745930766987,0,0.200,10,5
1745930767980,0,0.200,10,5
1745930768979,0,0.200,10,5
1745930769990,0,0.200,10,5
1745930770985,0,0.200,10,5
1745930771980,0,0.200,10,5
1745930772993,0,0.200,10,5
1745930773989,0,0.200,10,5
1745930774986,0,0.200,10,5
1745930775984,0,0.200,10,5
1745930776986,0,0.200,10,5
1745930777985,0,0.200,10,5
1745930778982,0,0.200,10,5
1745930779992,0,0.200,10,5
1745930780988,0,0.200,10,5
1745930781985,0,0.200,10,5
1745930782978,0,0.200,10,5
1745930783990,0,0.200,10,5
1745930784984,0,0.200,10,5
1745930785978,0,0.200,10,5
1745930786990,0,0.200,10,5
1745930787983,0,0.200,10,5
1745930788977,0,0.200,10,5
1745930789985,0,0.200,10,5
1745930790990,0,0.200,10,5
1745930791983,0,0.200,10,5
1745930792988,0,0.200,10,5
1745930793982,0,0.200,10,5
1745930794993,0,0.200,10,5
1745930795989,0,0.200,10,5
1745930796982,0,0.200,10,5
1745930797990,0,0.200,10,5
1745930798985,0,0.200,10,5
1745930799983,0,0.200,10,5
1745930800991,0,0.200,10,5
1745930801986,0,0.200,10,5
1745930802991,0,0.200,10,5
1745930803980,0,0.200,10,5
1745930804990,0,0.200,10,5
1745930805980,0,0.200,10,5
1745930806978,0,0.200,10,5
1745930807989,0,0.200,10,5
1745930808989,0,0.200,10,5
1745930809986,0,0.200,10,5
1745930810982,0,0.200,10,5
1745930811981,0,0.200,10,5
1745930812978,0,0.200,10,5
1745930813981,0,0.200,10,5
1745930814984,0,0.200,10,5
1745930815982,0,0.200,10,5
1745930816988,0,0.200,10,5
1745930817988,0,0.200,10,5
1745930818986,0,0.200,10,5
1745930819981,0,0.200,10,5
1745930820980,0,0.200,10,5
1745930821986,0,0.200,10,5
1745930822986,0,0.200,10,5
1745930823990,0,0.200,10,5
1745930824991,0,0.200,10,5
1745930825991,0,0.200,10,5
1745930826990,0,0.200,10,5
1745930827981,0,0.200,10,5
1745930828981,0,0.200,10,5
1745930829990,0,0.200,10,5
1745930830986,0,0.200,10,5
1745930831982,0,0.200,10,5
1745930832983,0,0.200,10,5
1745930833981,0,0.200,10,5
1745930834990,0,0.200,10,5
1745930835988,0,0.200,10,5
1745930836990,0,0.200,10,5
1745930837987,0,0.200,10,5
1745930838981,0,0.200,10,5
1745930839978,0,0.200,10,5
1745930840991,0,0.200,10,5
1745930841988,0,0.200,10,5
1745930842988,0,0.200,10,5
1745930843988,0,0.200,10,5
1745930844982,0,0.200,10,5
1745930845978,0,0.200,10,5
1745930846978,0,0.200,10,5
1745930847979,0,0.200,10,5
1745930848987,0,0.200,10,5
1745930849986,0,0.200,10,5
1745930850979,0,0.200,10,5
1745930851990,0,0.200,10,5
1745930852983,0,0.200,10,5
1745930853987,0,0.200,10,5
1745930854993,0,0.200,10,5
1745930855988,0,0.200,10,5
1745930856980,0,0.200,10,5
1745930857990,0,0.200,10,5
1745930858978,0,0.200,10,5
1745930859991,0,0.200,10,5
1745930860983,0,0.200,10,5
1745930861979,0,0.200,10,5
1745930862985,0,0.200,10,5
1745930863983,0,0.200,10,5
1745930864978,0,0.200,10,5
1745930865988,0,0.200,10,5
1745930866983,0,0.200,10,5
1745930867986,0,0.200,10,5
1745930868980,0,0.200,10,5
1745930869978,0,0.200,10,5
1745930870991,0,0.200,10,5
1745930871993,0,0.200,10,5
1745930872993,0,0.200,10,5
1745930873988,0,0.200,10,5
1745930874987,0,0.200,10,5
1745930875985,0,0.200,10,5
1745930876986,0,0.200,10,5
1745930877987,0,0.200,10,5
1745930878986,0,0.200,10,5
1745930879988,0,0.200,10,5
1745930880985,0,0.200,10,5
1745930881983,0,0.200,10,5
1745930882981,0,0.200,10,5
1745930883979,0,0.200,10,5
1745930884991,0,0.200,10,5
1745930885985,0,0.200,10,5
1745930886980,0,0.200,10,5
1745930887981,0,0.200,10,5
1745930888980,0,0.200,10,5
1745930889980,0,0.200,10,5
1745930890989,0,0.200,10,5
1745930891986,0,0.200,10,5
1745930892985,0,0.200,10,5
1745930893984,0,0.200,10,5
1745930894979,0,0.200,10,5
1745930895988,0,0.200,10,5
1745930896987,0,0.200,10,5
1745930897982,0,0.200,10,5
1745930898990,0,0.200,10,5
1745930899987,0,0.200,10,5
1745930900980,0,0.200,10,5
1745930901985,0,0.200,10,5
1745930902978,0,0.200,10,5
1745930903983,0,0.200,10,5
1745930904991,0,0.200,10,5
1745930905981,0,0.200,10,5
1745930906988,0,0.200,10,5
1745930907980,0,0.200,10,5
1745930908990,0,0.200,10,5
1745930909983,0,0.200,10,5
1745930910978,0,0.200,10,5
1745930911989,0,0.200,10,5
1745930912983,0,0.200,10,5
1745930913979,0,0.200,10,5
1745930914978,0,0.200,10,5
1745930915979,0,0.200,10,5
1745930916993,0,0.200,10,5
1745930917992,0,0.200,10,5
1745930918981,0,0.200,10,5
1745930919991,0,0.200,10,5
1745930920989,0,0.200,10,5
1745930921985,0,0.200,10,5
1745930922990,0,0.200,10,5
1745930923985,0,0.200,10,5
1745930924983,0,0.200,10,5
1745930925980,0,0.200,10,5
1745930926991,0,0.200,10,5
1745930927993,0,0.200,10,5
1745930928992,0,0.200,10,5
1745930929992,0,0.200,10,5
1745930930992,0,0.200,10,5
1745930931987,0,0.200,10,5
1745930932983,0,0.200,10,5
1745930933987,0,0.200,10,5
1745930934991,0,0.200,10,5
1745930935991,0,0.200,10,5
1745930936991,0,0.200,10,5
1745930937993,0,0.200,10,5
1745930938992,0,0.200,10,5
1745930939989,0,0.200,10,5
1745930940985,0,0.200,10,5
1745930941983,0,0.200,10,5
1745930942978,0,0.200,10,5
1745930943980,0,0.200,10,5
1745930944979,0,0.200,10,5
1745930945991,0,0.200,10,5
1745930946989,0,0.200,10,5
1745930947983,0,0.200,10,5
1745930948978,0,0.200,10,5
1745930949987,0,0.200,10,5
1745930950985,0,0.200,10,5
1745930951992,0,0.200,10,5
1745930952983,0,0.200,10,5
1745930953993,0,0.200,10,5
1745930954983,0,0.200,10,5
1745930955991,0,0.200,10,5
1745930956980,0,0.200,10,5
1745930957986,0,0.200,10,5
1745930958980,0,0.200,10,5
1745930959987,0,0.200,10,5
1745930960981,0,0.200,10,5
1745930961987,0,0.200,10,5
1745930962983,0,0.200,10,5
1745930963981,0,0.200,10,5
1745930964992,0,0.200,10,5
1745930965987,0,0.200,10,5
1745930966986,0,0.200,10,5
1745930967993,0,0.200,10,5
1745930968989,0,0.200,10,5
1745930969983,0,0.200,10,5
1745930970993,0,0.200,10,5
1745930971988,0,0.200,10,5
1745930972986,0,0.200,10,5
1745930973982,0,0.200,10,5
1745930974991,0,0.200,10,5
1745930975986,0,0.200,10,5
1745930976982,0,0.200,10,5
1745930977994,0,0.200,10,5
1745930978988,0,0.200,10,5
1745930979983,0,0.200,10,5
1745930980980,0,0.200,10,5
1745930981988,0,0.200,10,5
1745930982986,0,0.200,10,5
1745930983981,0,0.200,10,5
1745930984982,0,0.200,10,5
1745930985981,0,0.200,10,5
1745930986979,0,0.200,10,5
1745930987990,0,0.200,10,5
1745930988985,0,0.200,10,5
1745930989981,0,0.200,10,5
1745930990979,0,0.200,10,5
1745930991989,0,0.200,10,5
1745930992985,0,0.200,10,5
1745930993981,0,0.200,10,5
1745930994990,0,0.200,10,5
1745930995988,0,0.200,10,5
1745930996994,0,0.200,10,5
1745930997985,0,0.200,10,5
1745930998984,0,0.200,10,5
1745930999991,0,0.200,10,5
1745931000982,0,0.200,10,5
1745931001993,0,0.200,10,5
1745931002987,0,0.200,10,5
1745931003981,0,0.200,10,5
1745931004990,0,0.200,10,5
1745931005993,0,0.200,10,5
1745931006981,0,0.200,10,5
1745931007986,0,0.200,10,5
1745931008993,0,0.200,10,5
1745931009986,0,0.200,10,5
1745931010979,0,0.200,10,5
1745931011987,0,0.200,10,5
1745931012984,0,0.200,10,5
1745931013982,0,0.200,10,5
1745931014994,0,0.200,10,5
1745931015989,0,0.200,10,5
1745931016985,0,0.200,10,5
1745931017981,0,0.200,10,5
1745931018979,0,0.200,10,5
1745931019991,0,0.200,10,5
1745931020990,0,0.200,10,5
1745931021986,0,0.200,10,5
1745931022984,0,0.200,10,5
1745931023984,0,0.200,10,5
1745931024982,0,0.200,10,5
1745931025979,0,0.200,10,5
1745931026991,0,0.200,10,5
1745931027988,0,0.200,10,5
1745931028985,0,0.200,10,5
1745931029983,0,0.200,10,5
1745931030979,0,0.200,10,5
1745931031992,0,0.200,10,5
1745931032989,0,0.200,10,5
1745931033985,0,0.200,10,5
1745931034982,0,0.200,10,5
1745931035980,0,0.200,10,5
1745931036990,0,0.200,10,5
1745931037987,0,0.200,10,5
1745931038986,0,0.200,10,5
1745931039980,0,0.200,10,5
1745931040993,0,0.200,10,5
1745931041991,0,0.200,10,5
1745931042984,0,0.200,10,5
1745931043980,0,0.200,10,5
1745931044980,0,0.200,10,5
1745931045991,0,0.200,10,5
1745931046987,0,0.200,10,5
1745931047984,0,0.200,10,5
1745931048994,0,0.200,10,5
1745931049987,0,0.200,10,5
1745931050980,0,0.200,10,5
1745931051987,0,0.200,10,5
1745931052981,0,0.200,10,5
1745931053990,0,0.200,10,5
1745931054982,0,0.200,10,5
1745931055990,0,0.200,10,5
1745931056992,0,0.200,10,5
1745931057983,0,0.200,10,5
1745931058989,0,0.200,10,5
1745931059984,0,0.200,10,5
1745931060994,0,0.200,10,5
1745931061982,0,0.200,10,5
1745931062994,0,0.200,10,5
1745931063990,0,0.200,10,5
1745931064984,0,0.200,10,5
1745931065994,0,0.200,10,5
1745931066994,0,0.200,10,5
1745931067994,0,0.200,10,5
1745931068979,0,0.200,10,5
1745931069981,0,0.200,10,5
1745931070980,0,0.200,10,5
1745931071989,0,0.200,10,5
1745931072984,0,0.200,10,5
1745931073984,0,0.200,10,5
1745931074988,0,0.200,10,5
1745931075990,0,0.200,10,5
1745931076991,0,0.200,10,5
1745931077986,0,0.200,10,5
1745931078988,0,0.200,10,5
1745931079986,0,0.200,10,5
1745931080984,0,0.200,10,5
1745931081982,0,0.200,10,5
1745931082994,0,0.200,10,5
1745931083982,0,0.200,10,5
1745931084993,0,0.200,10,5
1745931085994,0,0.200,10,5
1745931086991,0,0.200,10,5
1745931087991,0,0.200,10,5
1745931088987,0,0.200,10,5
1745931089987,0,0.200,10,5
1745931090984,0,0.200,10,5
1745931091988,0,0.200,10,5
1745931092985,0,0.200,10,5
1745931093982,0,0.200,10,5
1745931094983,0,0.200,10,5
1745931095994,0,0.200,10,5
1745931096993,0,0.200,10,5
1745931097987,0,0.200,10,5
1745931098984,0,0.200,10,5
1745931099991,0,0.200,10,5
1745931100981,0,0.200,10,5
1745931101990,0,0.200,10,5
1745931102994,0,0.200,10,5
1745931103987,0,0.200,10,5
1745931104982,0,0.200,10,5
1745931105991,0,0.200,10,5
1745931106991,0,0.200,10,5
1745931107984,0,0.200,10,5
1745931108994,0,0.200,10,5
1745931109984,0,0.200,10,5
1745931110980,0,0.200,10,5
1745931111992,0,0.200,10,5
1745931112982,0,0.200,10,5
1745931113980,0,0.200,10,5
1745931114991,0,0.200,10,5
1745931115987,0,0.200,10,5
1745931116983,0,0.200,10,5
1745931117980,0,0.200,10,5
1745931118990,0,0.200,10,5
1745931119985,0,0.200,10,5
1745931120994,0,0.200,10,5
1745931121983,0,0.200,10,5
1745931122993,0,0.200,10,5
1745931123990,0,0.200,10,5
1745931124986,0,0.200,10,5
1745931125984,0,0.200,10,5
1745931126994,0,0.200,10,5
1745931127981,0,0.200,10,5
1745931128994,0,0.200,10,5
1745931129993,0,0.200,10,5
1745931130988,0,0.200,10,5
1745931131986,0,0.200,10,5
1745931132981,0,0.200,10,5
1745931133984,0,0.200,10,5
1745931134985,0,0.200,10,5
1745931135982,0,0.200,10,5
1745931136982,0,0.200,10,5
1745931137983,0,0.200,10,5
1745931138982,0,0.200,10,5
1745931139981,0,0.200,10,5
1745931140985,0,0.200,10,5
1745931141988,0,0.200,10,5
1745931142987,0,0.200,10,5
1745931143988,0,0.200,10,5
1745931144988,0,0.200,10,5
1745931145983,0,0.200,10,5
1745931146981,0,0.200,10,5
1745931147983,0,0.200,10,5
1745931148980,0,0.200,10,5
1745931149993,0,0.200,10,5
1745931150989,0,0.200,10,5
1745931151983,0,0.200,10,5
1745931152988,0,0.200,10,5
1745931153982,0,0.200,10,5
1745931154990,0,0.200,10,5
1745931155983,0,0.200,10,5
1745931156992,0,0.200,10,5
1745931157983,0,0.200,10,5
1745931158992,0,0.200,10,5
1745931159983,0,0.200,10,5
1745931160992,0,0.200,10,5
1745931161983,0,0.200,10,5
1745931162991,0,0.200,10,5
1745931163990,0,0.200,10,5
1745931164985,0,0.200,10,5
1745931165994,0,0.200,10,5
1745931166985,0,0.200,10,5
1745931167994,0,0.200,10,5
1745931168991,0,0.200,10,5
1745931169989,0,0.200,10,5
1745931170981,0,0.200,10,5
1745931171987,0,0.200,10,5
1745931172985,0,0.200,10,5
1745931173990,0,0.200,10,5
1745931174986,0,0.200,10,5
1745931175985,0,0.200,10,5
1745931176996,0,0.200,10,5
1745931177980,0,0.200,10,5
1745931178980,0,0.200,10,5
1745931179993,0,0.200,10,5
1745931180987,0,0.200,10,5
1745931181993,0,0.200,10,5
1745931182987,0,0.200,10,5
1745931183989,0,0.200,10,5
1745931184995,0,0.200,10,5
1745931185986,0,0.200,10,5
1745931186987,0,0.200,10,5
1745931187987,0,0.200,10,5
1745931188991,0,0.200,10,5
1745931189986,0,0.200,10,5
1745931190989,0,0.200,10,5
1745931191989,0,0.200,10,5
1745931192985,0,0.200,10,5
1745931193992,0,0.200,10,5
1745931194984,0,0.200,10,5
1745931195986,0,0.200,10,5
1745931196983,0,0.200,10,5
1745931197995,0,0.200,10,5
1745931198992,0,0.200,10,5
1745931199991,0,0.200,10,5
1745931200985,0,0.200,10,5
1745931201994,0,0.200,10,5
1745931202985,0,0.200,10,5
1745931203994,0,0.200,10,5
1745931204986,0,0.200,10,5
1745931205992,0,0.200,10,5
1745931206986,0,0.200,10,5
1745931207992,0,0.200,10,5
1745931208981,0,0.200,10,5
1745931209990,0,0.200,10,5
1745931210984,0,0.200,10,5
1745931211994,0,0.200,10,5
1745931212985,0,0.200,10,5
1745931213991,0,0.200,10,5
1745931214994,0,0.200,10,5
1745931215987,0,0.200,10,5
1745931216983,0,0.200,10,5
1745931217992,0,0.200,10,5
1745931218987,0,0.200,10,5
1745931219985,0,0.200,10,5
1745931220982,0,0.200,10,5
1745931221991,0,0.200,10,5
1745931222984,0,0.200,10,5
1745931223981,0,0.200,10,5
1745931224992,0,0.200,10,5
1745931225983,0,0.200,10,5
1745931226987,0,0.200,10,5
1745931227994,0,0.200,10,5
1745931228985,0,0.200,10,5
1745931229980,0,0.200,10,5
1745931230993,0,0.200,10,5
1745931231988,0,0.200,10,5
1745931232984,0,0.200,10,5
1745931233980,0,0.200,10,5
1745931234992,0,0.200,10,5
1745931235990,0,0.200,10,5
1745931236986,0,0.200,10,5
1745931237983,0,0.200,10,5
1745931238994,0,0.200,10,5
1745931239987,0,0.200,10,5
1745931240984,0,0.200,10,5
1745931241993,0,0.200,10,5
1745931242986,0,0.200,10,5
1745931243982,0,0.200,10,5
1745931244991,0,0.200,10,5
1745931245985,0,0.200,10,5
1745931246981,0,0.200,10,5
1745931247992,0,0.200,10,5
1745931248986,0,0.200,10,5
1745931249996,0,0.200,10,5
1745931250990,0,0.200,10,5
1745931251985,0,0.200,10,5
1745931252993,0,0.200,10,5
1745931253985,0,0.200,10,5
1745931254982,0,0.200,10,5
1745931255989,0,0.200,10,5
1745931256982,0,0.200,10,5
1745931257992,0,0.200,10,5
1745931258983,0,0.200,10,5
1745931259993,0,0.200,10,5
1745931260989,0,0.200,10,5
1745931261992,0,0.200,10,5
1745931262984,0,0.200,10,5
1745931263981,0,0.200,10,5
1745931264993,0,0.200,10,5
1745931265987,0,0.200,10,5
1745931266983,0,0.200,10,5
1745931267981,0,0.200,10,5
1745931268995,0,0.200,10,5
1745931269990,0,0.200,10,5
1745931270986,0,0.200,10,5
1745931271985,0,0.200,10,5
1745931272986,0,0.200,10,5
1745931273987,0,0.200,10,5
1745931274986,0,0.200,10,5
1745931275985,0,0.200,10,5
1745931276989,0,0.200,10,5
1745931277993,0,0.200,10,5
1745931278992,0,0.200,10,5
1745931279994,0,0.200,10,5
1745931280997,0,0.200,10,5
1745931281982,0,0.200,10,5
1745931282992,0,0.200,10,5
1745931283987,0,0.200,10,5
1745931284989,0,0.200,10,5
1745931285989,0,0.200,10,5
1745931286987,0,0.200,10,5
1745931287983,0,0.200,10,5
1745931288982,0,0.200,10,5
1745931289994,0,0.200,10,5
1745931290994,0,0.200,10,5
1745931291987,0,0.200,10,5
1745931292983,0,0.200,10,5
1745931293982,0,0.200,10,5
1745931294993,0,0.200,10,5
1745931295989,0,0.200,10,5
